movie_id|title|Animation|Children's|Comedy|Adventure|Fantasy|Romance|Drama|Action|Crime|Thriller|Horror|Sci-Fi|Documentary|War|Musical|Mystery|Film-Noir|Western
8|Tom and Huck|0|1|0|1|0|0|0|0|0|0|0|0|0|0|0|0|0|0
15|Cutthroat Island|0|0|0|1|0|1|0|1|0|0|0|0|0|0|0|0|0|0
26|Othello|0|0|0|0|0|0|1|0|0|0|0|0|0|0|0|0|0|0
31|Dangerous Minds|0|0|0|0|0|0|1|0|0|0|0|0|0|0|0|0|0|0
32|Twelve Monkeys|0|0|0|0|0|0|1|0|0|0|0|1|0|0|0|0|0|0
33|Wings of Courage|0|0|0|1|0|1|0|0|0|0|0|0|0|0|0|0|0|0
43|Restoration|0|0|0|0|0|0|1|0|0|0|0|0|0|0|0|0|0|0
44|Mortal Kombat|0|0|0|1|0|0|0|1|0|0|0|0|0|0|0|0|0|0
58|Postino, Il (The Postman)|0|0|0|0|0|1|1|0|0|0|0|0|0|0|0|0|0|0
59|Confessional, The (Le Confessionnal)|0|0|0|0|0|0|1|0|0|0|0|0|0|0|0|1|0|0
64|Two if by Sea|0|0|1|0|0|1|0|0|0|0|0|0|0|0|0|0|0|0
72|Kicking and Screaming|0|0|1|0|0|0|1|0|0|0|0|0|0|0|0|0|0|0
76|Screamers|0|0|0|0|0|0|0|0|0|1|0|1|0|0|0|0|0|0
78|Crossing Guard, The|0|0|0|0|0|0|1|0|0|0|0|0|0|0|0|0|0|0
79|Juror, The|0|0|0|0|0|0|1|0|0|1|0|0|0|0|0|0|0|0
80|White Balloon, The (Badkonake Sefid )|0|0|0|0|0|0|1|0|0|0|0|0|0|0|0|0|0|0
86|White Squall|0|0|0|1|0|0|1|0|0|0|0|0|0|0|0|0|0|0
95|Broken Arrow|0|0|0|0|0|0|0|1|0|1|0|0|0|0|0|0|0|0
96|In the Bleak Midwinter|0|0|1|0|0|0|0|0|0|0|0|0|0|0|0|0|0|0
100|City Hall|0|0|0|0|0|0|1|0|0|1|0|0|0|0|0|0|0|0
102|Mr. Wrong|0|0|1|0|0|0|0|0|0|0|0|0|0|0|0|0|0|0
103|Unforgettable|0|0|0|0|0|0|0|0|0|1|0|0|0|0|0|0|0|0
107|Muppet Treasure Island|0|1|1|1|0|0|0|0|0|0|0|0|0|0|1|0|0|0
115|Happiness Is in the Field|0|0|1|0|0|0|0|0|0|0|0|0|0|0|0|0|0|0
123|Chungking Express|0|0|0|0|0|1|1|0|0|0|0|0|0|0|0|1|0|0
134|Sonic Outlaws|0|0|0|0|0|0|0|0|0|0|0|0|1|0|0|0|0|0
135|Down Periscope|0|0|1|0|0|0|0|0|0|0|0|0|0|0|0|0|0|0
139|Target|0|0|0|0|0|0|1|1|0|0|0|0|0|0|0|0|0|0
145|Bad Boys|0|0|0|0|0|0|0|1|0|0|0|0|0|0|0|0|0|0
146|Amazing Panda Adventure, The|0|1|0|1|0|0|0|0|0|0|0|0|0|0|0|0|0|0
150|Apollo 13|0|0|0|0|0|0|1|0|0|0|0|0|0|0|0|0|0|0
151|Rob Roy|0|0|0|0|0|1|1|0|0|0|0|0|0|1|0|0|0|0
164|Devil in a Blue Dress|0|0|0|0|0|0|0|0|1|1|0|0|0|0|0|1|1|0
170|Hackers|0|0|0|0|0|0|0|1|1|1|0|0|0|0|0|0|0|0
172|Johnny Mnemonic|0|0|0|0|0|0|0|1|0|1|0|1|0|0|0|0|0|0
175|Kids|0|0|0|0|0|0|1|0|0|0|0|0|0|0|0|0|0|0
176|Living in Oblivion|0|0|1|0|0|0|0|0|0|0|0|0|0|0|0|0|0|0
178|Love & Human Remains|0|0|1|0|0|0|0|0|0|0|0|0|0|0|0|0|0|0
179|Mad Love|0|0|0|0|0|1|1|0|0|0|0|0|0|0|0|0|0|0
187|Party Girl|0|0|1|0|0|0|0|0|0|0|0|0|0|0|0|0|0|0
190|Safe|0|0|0|0|0|0|0|0|0|1|0|0|0|0|0|0|0|0
193|Showgirls|0|0|0|0|0|0|1|0|0|0|0|0|0|0|0|0|0|0
198|Strange Days|0|0|0|0|0|0|0|1|1|0|0|1|0|0|0|0|0|0
199|Umbrellas of Cherbourg, The (Parapluies de Cherbourg, Les)|0|0|0|0|0|0|1|0|0|0|0|0|0|0|1|0|0|0
202|Total Eclipse|0|0|0|0|0|1|1|0|0|0|0|0|0|0|0|0|0|0
203|To Wong Foo, Thanks for Everything! Julie Newmar|0|0|1|0|0|0|0|0|0|0|0|0|0|0|0|0|0|0
204|Under Siege 2: Dark Territory|0|0|0|0|0|0|0|1|0|0|0|0|0|0|0|0|0|0
213|Burnt By the Sun (Utomlyonnye solntsem)|0|0|0|0|0|0|1|0|0|0|0|0|0|0|0|0|0|0
224|Don Juan DeMarco|0|0|1|0|0|1|1|0|0|0|0|0|0|0|0|0|0|0
231|Dumb & Dumber|0|0|1|0|0|0|0|0|0|0|0|0|0|0|0|0|0|0
233|Exotica|0|0|0|0|0|0|1|0|0|0|0|0|0|0|0|0|0|0
234|Exit to Eden|0|0|1|0|0|0|0|0|0|0|0|0|0|0|0|0|0|0
235|Ed Wood|0|0|1|0|0|0|1|0|0|0|0|0|0|0|0|0|0|0
236|French Kiss|0|0|1|0|0|1|0|0|0|0|0|0|0|0|0|0|0|0
238|Far From Home: The Adventures of Yellow Dog|0|1|0|1|0|0|0|0|0|0|0|0|0|0|0|0|0|0
239|Goofy Movie, A|1|1|1|0|0|1|0|0|0|0|0|0|0|0|0|0|0|0
240|Hideaway|0|0|0|0|0|0|0|0|0|1|0|0|0|0|0|0|0|0
248|Houseguest|0|0|1|0|0|0|0|0|0|0|0|0|0|0|0|0|0|0
261|Little Women|0|0|0|0|0|0|1|0|0|0|0|0|0|0|0|0|0|0
267|Major Payne|0|0|1|0|0|0|0|0|0|0|0|0|0|0|0|0|0|0
272|Madness of King George, The|0|0|0|0|0|0|1|0|0|0|0|0|0|0|0|0|0|0
283|New Jersey Drive|0|0|0|0|0|0|1|0|1|0|0|0|0|0|0|0|0|0
284|New York Cop|0|0|0|0|0|0|0|1|1|0|0|0|0|0|0|0|0|0
285|Beyond Bedlam|0|0|0|0|0|0|1|0|0|0|1|0|0|0|0|0|0|0
289|Only You|0|0|1|0|0|1|0|0|0|0|0|0|0|0|0|0|0|0
291|Poison Ivy II|0|0|0|0|0|0|0|0|0|1|0|0|0|0|0|0|0|0
304|Roommates|0|0|1|0|0|0|1|0|0|0|0|0|0|0|0|0|0|0
321|Strawberry and Chocolate (Fresa y chocolate)|0|0|0|0|0|0|1|0|0|0|0|0|0|0|0|0|0|0
324|Sum of Us, The|0|0|1|0|0|0|0|0|0|0|0|0|0|0|0|0|0|0
326|To Live (Huozhe)|0|0|0|0|0|0|1|0|0|0|0|0|0|0|0|0|0|0
331|Tom & Viv|0|0|0|0|0|0|1|0|0|0|0|0|0|0|0|0|0|0
339|While You Were Sleeping|0|0|1|0|0|1|0|0|0|0|0|0|0|0|0|0|0|0
342|Muriel's Wedding|0|0|1|0|0|1|0|0|0|0|0|0|0|0|0|0|0|0
344|Ace Ventura: Pet Detective|0|0|1|0|0|0|0|0|0|0|0|0|0|0|0|0|0|0
346|Backbeat|0|0|0|0|0|0|1|0|0|0|0|0|0|0|1|0|0|0
350|Client, The|0|0|0|0|0|0|1|0|0|1|0|0|0|0|0|1|0|0
359|I Like It Like That|0|0|1|0|0|1|1|0|0|0|0|0|0|0|0|0|0|0
363|Wonderful, Horrible Life of Leni Riefenstahl, The (Die Macht der Bilder)|0|0|0|0|0|0|0|0|0|0|0|0|1|0|0|0|0|0
370|Naked Gun 33 1/3: The Final Insult|0|0|1|0|0|0|0|0|0|0|0|0|0|0|0|0|0|0
385|Man of No Importance, A|0|0|0|0|0|0|1|0|0|0|0|0|0|0|0|0|0|0
400|Homage|0|0|0|0|0|0|1|0|0|0|0|0|0|0|0|0|0|0
414|Air Up There, The|0|0|1|0|0|0|0|0|0|0|0|0|0|0|0|0|0|0
417|Barcelona|0|0|1|0|0|1|0|0|0|0|0|0|0|0|0|0|0|0
420|Beverly Hills Cop III|0|0|1|0|0|0|0|1|0|0|0|0|0|0|0|0|0|0
426|Body Snatchers|0|0|0|0|0|0|0|0|0|1|1|1|0|0|0|0|0|0
428|Bronx Tale, A|0|0|0|0|0|0|1|0|0|0|0|0|0|0|0|0|0|0
437|Cops and Robbersons|0|0|1|0|0|0|0|0|0|0|0|0|0|0|0|0|0|0
438|Cowboy Way, The|0|0|1|0|0|0|0|1|0|0|0|0|0|0|0|0|0|0
440|Dave|0|0|1|0|0|1|0|0|0|0|0|0|0|0|0|0|0|0
444|Even Cowgirls Get the Blues|0|0|1|0|0|1|0|0|0|0|0|0|0|0|0|0|0|0
450|With Honors|0|0|1|0|0|0|1|0|0|0|0|0|0|0|0|0|0|0
453|For Love or Money|0|0|1|0|0|0|0|0|0|0|0|0|0|0|0|0|0|0
457|Fugitive, The|0|0|0|0|0|0|0|1|0|1|0|0|0|0|0|0|0|0
459|Getaway, The|0|0|0|0|0|0|0|1|0|0|0|0|0|0|0|0|0|0
460|Getting Even with Dad|0|0|1|0|0|0|0|0|0|0|0|0|0|0|0|0|0|0
470|House Party 3|0|0|1|0|0|0|0|0|0|0|0|0|0|0|0|0|0|0
480|Jurassic Park|0|0|0|1|0|0|0|1|0|0|0|1|0|0|0|0|0|0
487|Lightning Jack|0|0|1|0|0|0|0|0|0|0|0|0|0|0|0|0|0|1
492|Manhattan Murder Mystery|0|0|1|0|0|0|0|0|0|0|0|0|0|0|0|1|0|0
493|Menace II Society|0|0|0|0|0|0|1|1|1|0|0|0|0|0|0|0|0|0
496|What Happened Was...|0|0|1|0|0|1|1|0|0|0|0|0|0|0|0|0|0|0
505|North|0|0|1|0|0|0|0|0|0|0|0|0|0|0|0|0|0|0
506|Orlando|0|0|0|0|0|0|1|0|0|0|0|0|0|0|0|0|0|0
507|Perfect World, A|0|0|0|0|0|0|1|1|0|0|0|0|0|0|0|0|0|0
510|Poetic Justice|0|0|0|0|0|0|1|0|0|0|0|0|0|0|0|0|0|0
512|Robert A. Heinlein's The Puppet Masters|0|0|0|0|0|0|0|0|0|0|1|1|0|0|0|0|0|0
524|Rudy|0|0|0|0|0|0|1|0|0|0|0|0|0|0|0|0|0|0
530|Second Best|0|0|0|0|0|0|1|0|0|0|0|0|0|0|0|0|0|0
531|Secret Garden, The|0|1|0|0|0|0|1|0|0|0|0|0|0|0|0|0|0|0
541|Blade Runner|0|0|0|0|0|0|0|0|0|0|0|1|0|0|0|0|1|0
550|Threesome|0|0|1|0|0|1|0|0|0|0|0|0|0|0|0|0|0|0
551|Nightmare Before Christmas, The|0|1|1|0|0|0|0|0|0|0|0|0|0|0|1|0|0|0
552|Three Musketeers, The|0|0|1|1|0|0|0|1|0|0|0|0|0|0|0|0|0|0
553|Tombstone|0|0|0|0|0|0|0|0|0|0|0|0|0|0|0|0|0|1
558|Pagemaster, The|1|1|0|1|1|0|0|1|0|0|0|0|0|0|0|0|0|0
561|Killer (Bulletproof Heart)|0|0|0|0|0|0|0|0|0|1|0|0|0|0|0|0|0|0
565|Cronos|0|0|0|0|0|0|0|0|0|0|1|0|0|0|0|0|0|0
567|Kika|0|0|0|0|0|0|1|0|0|0|0|0|0|0|0|0|0|0
570|Slingshot, The (Kådisbellan )|0|0|1|0|0|0|1|0|0|0|0|0|0|0|0|0|0|0
577|Andre|0|1|0|1|0|0|0|0|0|0|0|0|0|0|0|0|0|0
578|Hour of the Pig, The|0|0|0|0|0|0|1|0|0|0|0|0|0|0|0|1|0|0
581|Celluloid Closet, The|0|0|0|0|0|0|0|0|0|0|0|0|1|0|0|0|0|0
583|Dear Diary (Caro Diario)|0|0|1|0|0|0|1|0|0|0|0|0|0|0|0|0|0|0
584|I Don't Want to Talk About It (De eso no se habla)|0|0|0|0|0|0|1|0|0|0|0|0|0|0|0|0|0|0
587|Ghost|0|0|1|0|0|1|0|0|0|1|0|0|0|0|0|0|0|0
591|Tough and Deadly|0|0|0|0|0|0|1|1|0|1|0|0|0|0|0|0|0|0
597|Pretty Woman|0|0|1|0|0|1|0|0|0|0|0|0|0|0|0|0|0|0
598|Window to Paris|0|0|1|0|0|0|0|0|0|0|0|0|0|0|0|0|0|0
600|Love and a .45|0|0|0|0|0|0|0|0|0|1|0|0|0|0|0|0|0|0
608|Fargo|0|0|0|0|0|0|1|0|1|1|0|0|0|0|0|0|0|0
619|Ed|0|0|1|0|0|0|0|0|0|0|0|0|0|0|0|0|0|0
623|Modern Affair, A|0|0|0|0|0|1|0|0|0|0|0|0|0|0|0|0|0|0
628|Primal Fear|0|0|0|0|0|0|1|0|0|1|0|0|0|0|0|0|0|0
631|All Dogs Go to Heaven 2|1|1|0|0|0|0|0|0|0|0|0|0|0|0|1|0|0|0
633|Denise Calls Up|0|0|1|0|0|0|0|0|0|0|0|0|0|0|0|0|0|0
634|Theodore Rex|0|0|1|0|0|0|0|0|0|0|0|0|0|0|0|0|0|0
638|Jack and Sarah|0|0|0|0|0|1|0|0|0|0|0|0|0|0|0|0|0|0
639|Girl 6|0|0|1|0|0|0|0|0|0|0|0|0|0|0|0|0|0|0
649|Cold Fever (Á köldum klaka)|0|0|1|0|0|0|1|0|0|0|0|0|0|0|0|0|0|0
654|Und keiner weint mir nach|0|0|0|0|0|1|1|0|0|0|0|0|0|0|0|0|0|0
662|Fear|0|0|0|0|0|0|0|0|0|1|0|0|0|0|0|0|0|0
663|Kids in the Hall: Brain Candy|0|0|1|0|0|0|0|0|0|0|0|0|0|0|0|0|0|0
669|Aparajito|0|0|0|0|0|0|1|0|0|0|0|0|0|0|0|0|0|0
672|Tarantella|0|0|0|0|0|0|1|0|0|0|0|0|0|0|0|0|0|0
679|Run of the Country, The|0|0|0|0|0|0|1|0|0|0|0|0|0|0|0|0|0|0
681|Clean Slate (Coup de Torchon)|0|0|0|0|0|0|0|0|1|0|0|0|0|0|0|0|0|0
682|Tigrero: A Film That Was Never Made|0|0|0|0|0|0|1|0|0|0|0|0|1|0|0|0|0|0
687|Country Life|0|0|0|0|0|1|1|0|0|0|0|0|0|0|0|0|0|0
688|Operation Dumbo Drop|0|0|1|1|0|0|0|1|0|0|0|0|0|1|0|0|0|0
690|Promise, The (Versprechen, Das)|0|0|0|0|0|1|0|0|0|0|0|0|0|0|0|0|0|0
697|Feeling Minnesota|0|0|0|0|0|1|1|0|0|0|0|0|0|0|0|0|0|0
698|Delta of Venus|0|0|0|0|0|0|1|0|0|0|0|0|0|0|0|0|0|0
702|Faces|0|0|0|0|0|0|1|0|0|0|0|0|0|0|0|0|0|0
704|Quest, The|0|0|0|1|0|0|0|1|0|0|0|0|0|0|0|0|0|0
705|Cosi|0|0|1|0|0|0|0|0|0|0|0|0|0|0|0|0|0|0
709|Oliver & Company|1|1|0|0|0|0|0|0|0|0|0|0|0|0|0|0|0|0
713|Of Love and Shadows|0|0|0|0|0|0|1|0|0|0|0|0|0|0|0|0|0|0
720|Wallace & Gromit: The Best of Aardman Animation|1|0|0|0|0|0|0|0|0|0|0|0|0|0|0|0|0|0
736|Twister|0|0|0|1|0|1|0|1|0|1|0|0|0|0|0|0|0|0
742|Thinner|0|0|0|0|0|0|0|0|0|1|1|0|0|0|0|0|0|0
746|Force of Evil|0|0|0|0|0|0|0|0|0|0|0|0|0|0|0|0|1|0
748|Arrival, The|0|0|0|0|0|0|0|1|0|1|0|1|0|0|0|0|0|0
749|Man from Down Under, The|0|0|0|0|0|0|1|0|0|0|0|0|0|0|0|0|0|0
752|Vermont Is For Lovers|0|0|1|0|0|1|0|0|0|0|0|0|0|0|0|0|0|0
753|Month by the Lake, A|0|0|1|0|0|0|1|0|0|0|0|0|0|0|0|0|0|0
760|Stalingrad|0|0|0|0|0|0|0|0|0|0|0|0|0|1|0|0|0|0
761|Phantom, The|0|0|0|1|0|0|0|0|0|0|0|0|0|0|0|0|0|0
768|Someone Else's America|0|0|0|0|0|0|1|0|0|0|0|0|0|0|0|0|0|0
770|Costa Brava|0|0|0|0|0|0|1|0|0|0|0|0|0|0|0|0|0|0
771|Vie est belle, La (Life is Rosey)|0|0|1|0|0|0|1|0|0|0|0|0|0|0|0|0|0|0
784|Cable Guy, The|0|0|1|0|0|0|0|0|0|0|0|0|0|0|0|0|0|0
789|I, Worst of All (Yo, la peor de todas)|0|0|0|0|0|0|1|0|0|0|0|0|0|0|0|0|0|0
801|Harriet the Spy|0|1|1|0|0|0|0|0|0|0|0|0|0|0|0|0|0|0
807|Rendezvous in Paris (Rendez-vous de Paris, Les)|0|0|1|0|0|1|0|0|0|0|0|0|0|0|0|0|0|0
811|Bewegte Mann, Der|0|0|1|0|0|0|0|0|0|0|0|0|0|0|0|0|0|0
832|Ransom|0|0|0|0|0|0|1|0|0|1|0|0|0|0|0|0|0|0
833|High School High|0|0|1|0|0|0|0|0|0|0|0|0|0|0|0|0|0|0
838|Emma|0|0|1|0|0|1|1|0|0|0|0|0|0|0|0|0|0|0
841|Eyes Without a Face|0|0|0|0|0|0|0|0|0|0|1|0|0|0|0|0|0|0
842|Tales from the Crypt Presents: Bordello of Blood|0|0|0|0|0|0|0|0|0|0|1|0|0|0|0|0|0|0
843|Lotto Land|0|0|0|0|0|0|1|0|0|0|0|0|0|0|0|0|0|0
845|Day the Sun Turned Cold, The (Tianguo niezi)|0|0|0|0|0|0|1|0|0|0|0|0|0|0|0|0|0|0
849|Escape from L.A.|0|0|0|1|0|0|0|1|0|1|0|1|0|0|0|0|0|0
854|Ballad of Narayama, The (Narayama Bushiko)|0|0|0|0|0|0|1|0|0|0|0|0|0|0|0|0|0|0
861|Supercop|0|0|0|0|0|0|0|1|0|1|0|0|0|0|0|0|0|0
871|Lover's Knot|0|0|1|0|0|0|0|0|0|0|0|0|0|0|0|0|0|0
872|Aiqing wansui|0|0|0|0|0|0|1|0|0|0|0|0|0|0|0|0|0|0
876|Police Story 4: Project S (Chao ji ji hua)|0|0|0|0|0|0|0|1|0|0|0|0|0|0|0|0|0|0
878|Bye-Bye|0|0|0|0|0|0|1|0|0|0|0|0|0|0|0|0|0|0
886|Bulletproof|0|0|0|0|0|0|0|1|0|0|0|0|0|0|0|0|0|0
896|Wild Reeds|0|0|0|0|0|0|1|0|0|0|0|0|0|0|0|0|0|0
909|Apartment, The|0|0|1|0|0|0|1|0|0|0|0|0|0|0|0|0|0|0
910|Some Like It Hot|0|0|1|0|0|0|0|0|1|0|0|0|0|0|0|0|0|0
925|Golden Earrings|0|0|0|1|0|1|0|0|0|0|0|0|0|0|0|0|0|0
926|All About Eve|0|0|0|0|0|0|1|0|0|0|0|0|0|0|0|0|0|0
927|Women, The|0|0|1|0|0|0|0|0|0|0|0|0|0|0|0|0|0|0
932|Affair to Remember, An|0|0|0|0|0|1|0|0|0|0|0|0|0|0|0|0|0|0
937|Love in the Afternoon|0|0|1|0|0|1|0|0|0|0|0|0|0|0|0|0|0|0
946|To Be or Not to Be|0|0|1|0|0|0|1|0|0|0|0|0|0|1|0|0|0|0
955|Bringing Up Baby|0|0|1|0|0|0|0|0|0|0|0|0|0|0|0|0|0|0
966|Walk in the Sun, A|0|0|0|0|0|0|1|0|0|0|0|0|0|0|0|0|0|0
971|Cat on a Hot Tin Roof|0|0|0|0|0|0|1|0|0|0|0|0|0|0|0|0|0|0
972|Last Time I Saw Paris, The|0|0|0|0|0|0|1|0|0|0|0|0|0|0|0|0|0|0
982|Picnic|0|0|0|0|0|0|1|0|0|0|0|0|0|0|0|0|0|0
986|Fly Away Home|0|1|0|1|0|0|0|0|0|0|0|0|0|0|0|0|0|0
996|Last Man Standing|0|0|0|0|0|0|1|1|0|0|0|0|0|0|0|0|0|1
1010|Love Bug, The|0|1|1|0|0|0|0|0|0|0|0|0|0|0|0|0|0|0
1016|Shaggy Dog, The|0|1|1|0|0|0|0|0|0|0|0|0|0|0|0|0|0|0
1026|So Dear to My Heart|0|1|0|0|0|0|1|0|0|0|0|0|0|0|0|0|0|0
1031|Bedknobs and Broomsticks|0|1|0|1|0|0|0|0|0|0|0|0|0|0|1|0|0|0
1044|Surviving Picasso|0|0|0|0|0|0|1|0|0|0|0|0|0|0|0|0|0|0
1049|Ghost and the Darkness, The|0|0|0|1|0|0|0|1|0|0|0|0|0|0|0|0|0|0
1050|Looking for Richard|0|0|0|0|0|0|1|0|0|0|0|0|1|0|0|0|0|0
1054|Get on the Bus|0|0|0|0|0|0|1|0|0|0|0|0|0|0|0|0|0|0
1055|Shadow Conspiracy|0|0|0|0|0|0|0|0|0|1|0|0|0|0|0|0|0|0
1059|William Shakespeare's Romeo and Juliet|0|0|0|0|0|1|1|0|0|0|0|0|0|0|0|0|0|0
1063|Johns|0|0|0|0|0|0|1|0|0|0|0|0|0|0|0|0|0|0
1065|Woman in Question, The|0|0|0|0|0|0|0|0|0|0|0|0|0|0|0|1|0|0
1071|For the Moment|0|0|0|0|0|1|0|0|0|0|0|0|0|1|0|0|0|0
1078|Bananas|0|0|1|0|0|0|0|0|0|0|0|0|0|1|0|0|0|0
1079|Fish Called Wanda, A|0|0|1|0|0|0|0|0|0|0|0|0|0|0|0|0|0|0
1089|Reservoir Dogs|0|0|0|0|0|0|0|0|1|1|0|0|0|0|0|0|0|0
1101|Top Gun|0|0|0|0|0|1|0|1|0|0|0|0|0|0|0|0|0|0
1111|Microcosmos (Microcosmos: Le peuple de l'herbe)|0|0|0|0|0|0|0|0|0|0|0|0|1|0|0|0|0|0
1115|Sleepover|0|0|1|0|0|0|1|0|0|0|0|0|0|0|0|0|0|0
1119|Drunks|0|0|0|0|0|0|1|0|0|0|0|0|0|0|0|0|0|0
1120|People vs. Larry Flynt, The|0|0|0|0|0|0|1|0|0|0|0|0|0|0|0|0|0|0
1123|Perfect Candidate, A|0|0|0|0|0|0|0|0|0|0|0|0|1|0|0|0|0|0
1141|Hoogste tijd|0|0|0|0|0|0|1|0|0|0|0|0|0|0|0|0|0|0
1152|He Walked by Night|0|0|0|0|0|0|0|0|1|1|0|0|0|0|0|0|1|0
1164|Two or Three Things I Know About Her|0|0|0|0|0|0|1|0|0|0|0|0|0|0|0|0|0|0
1176|Double Life of Veronique, The (La Double Vie de Véronique)|0|0|0|0|0|0|1|0|0|0|0|0|0|0|0|0|0|0
1180|Hear My Song|0|0|1|0|0|0|0|0|0|0|0|0|0|0|0|0|0|0
1190|Tie Me Up! Tie Me Down!|0|0|0|0|0|0|1|0|0|0|0|0|0|0|0|0|0|0
1193|One Flew Over the Cuckoo's Nest|0|0|0|0|0|0|1|0|0|0|0|0|0|0|0|0|0|0
1196|Star Wars: Episode V - The Empire Strikes Back|0|0|0|1|0|0|1|1|0|0|0|1|0|1|0|0|0|0
1203|12 Angry Men|0|0|0|0|0|0|1|0|0|0|0|0|0|0|0|0|0|0
1214|Alien|0|0|0|0|0|0|0|1|0|1|1|1|0|0|0|0|0|0
1219|Psycho|0|0|0|0|0|0|0|0|0|1|1|0|0|0|0|0|0|0
1226|Quiet Man, The|0|0|1|0|0|1|0|0|0|0|0|0|0|0|0|0|0|0
1240|Terminator, The|0|0|0|0|0|0|0|1|0|1|0|1|0|0|0|0|0|0
1246|Dead Poets Society|0|0|0|0|0|0|1|0|0|0|0|0|0|0|0|0|0|0
1250|Bridge on the River Kwai, The|0|0|0|0|0|0|1|0|0|0|0|0|0|1|0|0|0|0
1252|Chinatown|0|0|0|0|0|0|0|0|0|1|0|0|0|0|0|1|1|0
1257|Better Off Dead...|0|0|1|0|0|0|0|0|0|0|0|0|0|0|0|0|0|0
1265|Groundhog Day|0|0|1|0|0|1|0|0|0|0|0|0|0|0|0|0|0|0
1271|Fried Green Tomatoes|0|0|0|0|0|0|1|0|0|0|0|0|0|0|0|0|0|0
1272|Patton|0|0|0|0|0|0|1|0|0|0|0|0|0|1|0|0|0|0
1278|Young Frankenstein|0|0|1|0|0|0|0|0|0|0|1|0|0|0|0|0|0|0
1280|Raise the Red Lantern|0|0|0|0|0|0|1|0|0|0|0|0|0|0|0|0|0|0
1286|Somewhere in Time|0|0|0|0|0|1|1|0|0|0|0|0|0|0|0|0|0|0
1289|Koyaanisqatsi|0|0|0|0|0|0|0|0|0|0|0|0|1|1|0|0|0|0
1296|Room with a View, A|0|0|0|0|0|1|1|0|0|0|0|0|0|0|0|0|0|0
1303|Man Who Would Be King, The|0|0|0|1|0|0|0|0|0|0|0|0|0|0|0|0|0|0
1304|Butch Cassidy and the Sundance Kid|0|0|1|0|0|0|0|1|0|0|0|0|0|0|0|0|0|1
1305|Paris, Texas|0|0|0|0|0|0|1|0|0|0|0|0|0|0|0|0|0|0
1307|When Harry Met Sally...|0|0|1|0|0|1|0|0|0|0|0|0|0|0|0|0|0|0
1317|I'm Not Rappaport|0|0|1|0|0|0|0|0|0|0|0|0|0|0|0|0|0|0
1319|Kids of Survival|0|0|0|0|0|0|0|0|0|0|0|0|1|0|0|0|0|0
1323|Amityville 3-D|0|0|0|0|0|0|0|0|0|0|1|0|0|0|0|0|0|0
1327|Amityville Horror, The|0|0|0|0|0|0|0|0|0|0|1|0|0|0|0|0|0|0
1336|Body Parts|0|0|0|0|0|0|0|0|0|0|1|0|0|0|0|0|0|0
1339|Bram Stoker's Dracula|0|0|0|0|0|1|0|0|0|0|1|0|0|0|0|0|0|0
1341|Burnt Offerings|0|0|0|0|0|0|0|0|0|0|1|0|0|0|0|0|0|0
1343|Cape Fear|0|0|0|0|0|0|0|0|0|1|0|0|0|0|0|0|0|0
1350|Omen, The|0|0|0|0|0|0|0|0|0|0|1|0|0|0|0|0|0|0
1351|Blood & Wine|0|0|0|0|0|0|1|0|0|0|0|0|0|0|0|0|0|0
1359|Jingle All the Way|0|1|1|1|0|0|0|0|0|0|0|0|0|0|0|0|0|0
1364|Zero Kelvin (Kjærlighetens kjøtere)|0|0|0|0|0|0|0|1|0|0|0|0|0|0|0|0|0|0
1371|Star Trek: The Motion Picture|0|0|0|1|0|0|0|1|0|0|0|1|0|0|0|0|0|0
1378|Young Guns|0|0|1|0|0|0|0|1|0|0|0|0|0|0|0|0|0|1
1381|Grease 2|0|0|1|0|0|1|0|0|0|0|0|0|0|0|1|0|0|0
1404|Night Falls on Manhattan|0|0|0|0|0|0|1|0|1|0|0|0|0|0|0|0|0|0
1408|Last of the Mohicans, The|0|0|0|0|0|1|0|1|0|0|0|0|0|1|0|0|0|0
1410|Evening Star, The|0|0|1|0|0|0|1|0|0|0|0|0|0|0|0|0|0|0
1420|Message to Love: The Isle of Wight Festival|0|0|0|0|0|0|0|0|0|0|0|0|1|0|0|0|0|0
1421|Grateful Dead|0|0|0|0|0|0|0|0|0|0|0|0|1|0|0|0|0|0
1423|Hearts and Minds|0|0|0|0|0|0|1|0|0|0|0|0|0|0|0|0|0|0
1434|Stranger, The|0|0|0|0|0|0|0|1|0|0|0|0|0|0|0|0|0|0
1444|Guantanamera|0|0|1|0|0|0|0|0|0|0|0|0|0|0|0|0|0|0
1447|Gridlock'd|0|0|0|0|0|0|0|0|1|0|0|0|0|0|0|0|0|0
1455|Hotel de Love|0|0|1|0|0|1|0|0|0|0|0|0|0|0|0|0|0|0
1458|Touch|0|0|0|0|0|1|0|0|0|0|0|0|0|0|0|0|0|0
1459|Absolute Power|0|0|0|0|0|0|0|0|0|1|0|0|0|0|0|1|0|0
1460|That Darn Cat!|0|1|1|0|0|0|0|0|0|0|0|0|0|0|0|1|0|0
1462|Unforgotten: Twenty-Five Years After Willowbrook|0|0|0|0|0|0|0|0|0|0|0|0|1|0|0|0|0|0
1470|Rhyme & Reason|0|0|0|0|0|0|0|0|0|0|0|0|1|0|0|0|0|0
1476|Private Parts|0|0|1|0|0|0|1|0|0|0|0|0|0|0|0|0|0|0
1489|Cats Don't Dance|1|1|0|0|0|0|0|0|0|0|0|0|0|0|1|0|0|0
1490|B*A*P*S|0|0|1|0|0|0|0|0|0|0|0|0|0|0|0|0|0|0
1500|Grosse Pointe Blank|0|0|1|0|0|0|0|0|1|0|0|0|0|0|0|0|0|0
1501|Keys to Tulsa|0|0|0|0|0|0|0|0|1|0|0|0|0|0|0|0|0|0
1502|Kissed|0|0|0|0|0|1|0|0|0|0|0|0|0|0|0|0|0|0
1507|Paradise Road|0|0|0|0|0|0|1|0|0|0|0|0|0|1|0|0|0|0
1510|Brother's Kiss, A|0|0|0|0|0|0|1|0|0|0|0|0|0|0|0|0|0|0
1519|Broken English|0|0|0|0|0|0|1|0|0|0|0|0|0|0|0|0|0|0
1524|Turning, The|0|0|0|0|0|0|1|0|0|0|0|0|0|0|0|0|0|0
1528|Intimate Relations|0|0|1|0|0|0|0|0|0|0|0|0|0|0|0|0|0|0
1533|Promise, The (La Promesse)|0|0|0|0|0|0|1|0|0|0|0|0|0|0|0|0|0|0
1534|Bonheur, Le|0|0|0|0|0|0|1|0|0|0|0|0|0|0|0|0|0|0
1542|Brassed Off|0|0|1|0|0|1|1|0|0|0|0|0|0|0|0|0|0|0
1543|Designated Mourner, The|0|0|0|0|0|0|1|0|0|0|0|0|0|0|0|0|0|0
1544|Lost World: Jurassic Park, The|0|0|0|1|0|0|0|1|0|1|0|1|0|0|0|0|0|0
1575|Gabbeh|0|0|0|0|0|0|1|0|0|0|0|0|0|0|0|0|0|0
1581|Out to Sea|0|0|1|0|0|0|0|0|0|0|0|0|0|0|0|0|0|0
1587|Conan the Barbarian|0|0|0|1|0|0|0|1|0|0|0|0|0|0|0|0|0|0
1591|Spawn|0|0|0|1|0|0|0|1|0|1|0|1|0|0|0|0|0|0
1595|Free Willy 3: The Rescue|0|1|0|1|0|0|1|0|0|0|0|0|0|0|0|0|0|0
1596|Career Girls|0|0|0|0|0|0|1|0|0|0|0|0|0|0|0|0|0|0
1603|Mimic|0|0|0|0|0|0|0|0|0|1|0|1|0|0|0|0|0|0
1609|187|0|0|0|0|0|0|1|0|0|0|0|0|0|0|0|0|0|0
1621|Soul Food|0|0|0|0|0|0|1|0|0|0|0|0|0|0|0|0|0|0
1626|Fire Down Below|0|0|0|0|0|0|1|1|0|1|0|0|0|0|0|0|0|0
1629|MatchMaker, The|0|0|1|0|0|1|0|0|0|0|0|0|0|0|0|0|0|0
1645|Devil's Advocate, The|0|0|0|0|0|0|0|0|1|1|1|0|0|0|0|1|0|0
1656|Swept from the Sea|0|0|0|0|0|1|0|0|0|0|0|0|0|0|0|0|0|0
1668|One Night Stand|0|0|0|0|0|0|1|0|0|0|0|0|0|0|0|0|0|0
1669|Tango Lesson, The|0|0|0|0|0|1|0|0|0|0|0|0|0|0|0|0|0|0
1675|Incognito|0|0|0|0|0|0|0|0|1|1|0|0|0|0|0|0|0|0
1676|Starship Troopers|0|0|0|1|0|0|0|1|0|0|0|1|0|1|0|0|0|0
1678|Joy Luck Club, The|0|0|0|0|0|0|1|0|0|0|0|0|0|0|0|0|0|0
1679|Chairman of the Board|0|0|1|0|0|0|0|0|0|0|0|0|0|0|0|0|0|0
1687|Jackal, The|0|0|0|0|0|0|0|1|0|1|0|0|0|0|0|0|0|0
1689|Man Who Knew Too Little, The|0|0|1|0|0|0|0|0|0|0|0|0|0|0|0|1|0|0
1690|Alien: Resurrection|0|0|0|0|0|0|0|1|0|0|1|1|0|0|0|0|0|0
1694|Apostle, The|0|0|0|0|0|0|1|0|0|0|0|0|0|0|0|0|0|0
1714|Never Met Picasso|0|0|0|0|0|1|0|0|0|0|0|0|0|0|0|0|0|0
1720|Time Tracers|0|0|0|1|0|0|0|1|0|0|0|1|0|0|0|0|0|0
1722|Tomorrow Never Dies|0|0|0|0|0|1|0|1|0|1|0|0|0|0|0|0|0|0
1723|Twisted|0|0|1|0|0|0|1|0|0|0|0|0|0|0|0|0|0|0
1728|Winter Guest, The|0|0|0|0|0|0|1|0|0|0|0|0|0|0|0|0|0|0
1735|Great Expectations|0|0|0|0|0|1|1|0|0|0|0|0|0|0|0|0|0|0
1738|Vermin|0|0|1|0|0|0|0|0|0|0|0|0|0|0|0|0|0|0
1748|Dark City|0|0|0|0|0|0|0|0|0|1|0|1|0|0|0|0|1|0
1755|Shooting Fish|0|0|0|0|0|1|0|0|0|0|0|0|0|0|0|0|0|0
1764|Tainted|0|0|1|0|0|0|0|0|0|1|0|0|0|0|0|0|0|0
1769|Replacement Killers, The|0|0|0|0|0|0|0|1|0|1|0|0|0|0|0|0|0|0
1780|Ayn Rand: A Sense of Life|0|0|0|0|0|0|0|0|0|0|0|0|1|0|0|0|0|0
1787|Paralyzing Fear: The Story of Polio in America, A|0|0|0|0|0|0|0|0|0|0|0|0|1|0|0|0|0|0
1798|Hush|0|0|0|0|0|0|0|0|0|1|0|0|0|0|0|0|0|0
1805|Wild Things|0|0|0|0|0|0|1|0|1|1|0|0|0|0|0|1|0|0
1815|Eden|0|0|0|0|0|0|1|0|0|0|0|0|0|0|0|0|0|0
1832|Heaven's Burning|0|0|0|0|0|0|1|1|0|0|0|0|0|0|0|0|0|0
1840|He Got Game|0|0|0|0|0|0|1|0|0|0|0|0|0|0|0|0|0|0
1846|Nil By Mouth|0|0|0|0|0|0|1|0|0|0|0|0|0|0|0|0|0|0
1872|Go Now|0|0|0|0|0|0|1|0|0|0|0|0|0|0|0|0|0|0
1878|Woo|0|0|1|0|0|1|0|0|0|0|0|0|0|0|0|0|0|0
1882|Godzilla|0|0|0|0|0|0|0|1|0|0|0|1|0|0|0|0|0|0
1883|Bulworth|0|0|1|0|0|0|0|0|0|0|0|0|0|0|0|0|0|0
1885|Opposite of Sex, The|0|0|1|0|0|0|1|0|0|0|0|0|0|0|0|0|0|0
1888|Hope Floats|0|0|1|0|0|1|1|0|0|0|0|0|0|0|0|0|0|0
1889|Insomnia|0|0|0|0|0|0|0|0|0|1|0|0|0|0|0|0|0|0
1890|Little Boy Blue|0|0|0|0|0|0|1|0|0|0|0|0|0|0|0|0|0|0
1892|Perfect Murder, A|0|0|0|0|0|0|0|0|0|1|0|0|0|0|0|1|0|0
1897|High Art|0|0|0|0|0|1|1|0|0|0|0|0|0|0|0|0|0|0
1904|Henry Fool|0|0|1|0|0|0|1|0|0|0|0|0|0|0|0|0|0|0
1906|Mr. Jealousy|0|0|1|0|0|1|0|0|0|0|0|0|0|0|0|0|0|0
1907|Mulan|1|1|0|0|0|0|0|0|0|0|0|0|0|0|0|0|0|0
1931|Mutiny on the Bounty|0|0|0|1|0|0|0|0|0|0|0|0|0|0|0|0|0|0
1933|Life of Émile Zola, The|0|0|0|0|0|0|1|0|0|0|0|0|0|0|0|0|0|0
1936|Mrs. Miniver|0|0|0|0|0|0|1|0|0|0|0|0|0|1|0|0|0|0
1950|In the Heat of the Night|0|0|0|0|0|0|1|0|0|0|0|0|0|0|0|1|0|0
1952|Midnight Cowboy|0|0|0|0|0|0|1|0|0|0|0|0|0|0|0|0|0|0
1957|Chariots of Fire|0|0|0|0|0|0|1|0|0|0|0|0|0|0|0|0|0|0
1963|Take the Money and Run|0|0|1|0|0|0|0|0|0|0|0|0|0|0|0|0|0|0
1964|Klute|0|0|0|0|0|0|1|0|0|0|0|0|0|0|0|1|0|0
1978|Friday the 13th Part V: A New Beginning|0|0|0|0|0|0|0|0|0|0|1|0|0|0|0|0|0|0
1982|Halloween|0|0|0|0|0|0|0|0|0|0|1|0|0|0|0|0|0|0
1986|Halloween 5: The Revenge of Michael Myers|0|0|0|0|0|0|0|0|0|0|1|0|0|0|0|0|0|0
1988|Hello Mary Lou: Prom Night II|0|0|0|0|0|0|0|0|0|0|1|0|0|0|0|0|0|0
1990|Prom Night IV: Deliver Us From Evil|0|0|0|0|0|0|0|0|0|0|1|0|0|0|0|0|0|0
1992|Child's Play 2|0|0|0|0|0|0|0|0|0|0|1|0|0|0|0|0|0|0
1994|Poltergeist|0|0|0|0|0|0|0|0|0|1|1|0|0|0|0|0|0|0
2008|This World, Then the Fireworks|0|0|0|0|0|0|1|0|1|0|0|0|0|0|0|0|1|0
2011|Back to the Future Part II|0|0|1|0|0|0|0|0|0|0|0|1|0|0|0|0|0|0
2015|Absent Minded Professor, The|0|1|1|0|1|0|0|0|0|0|0|0|0|0|0|0|0|0
2021|Dune|0|0|0|0|1|0|0|0|0|0|0|1|0|0|0|0|0|0
2026|Disturbing Behavior|0|0|0|0|0|0|0|0|0|1|1|0|0|0|0|0|0|0
2029|Billy's Hollywood Screen Kiss|0|0|1|0|0|1|0|0|0|0|0|0|0|0|0|0|0|0
2032|Barefoot Executive, The|0|1|1|0|0|0|0|0|0|0|0|0|0|0|0|0|0|0
2036|Blank Check|0|1|1|0|0|0|0|0|0|0|0|0|0|0|0|0|0|0
2041|Condorman|0|1|1|1|0|0|0|1|0|0|0|0|0|0|0|0|0|0
2043|Darby O'Gill and the Little People|0|1|0|1|1|0|0|0|0|0|0|0|0|0|0|0|0|0
2046|Flight of the Navigator|0|1|0|1|0|0|0|0|0|0|0|1|0|0|0|0|0|0
2049|Happiest Millionaire, The|0|0|1|0|0|0|0|0|0|0|0|0|0|0|1|0|0|0
2052|Hocus Pocus|0|1|1|0|0|0|0|0|0|0|0|0|0|0|0|0|0|0
2053|Honey, I Blew Up the Kid|0|1|1|0|0|0|0|0|0|0|0|1|0|0|0|0|0|0
2060|BASEketball|0|0|1|0|0|0|0|0|0|0|0|0|0|0|0|0|0|0
2063|Seventh Heaven (Le Septième ciel)|0|0|0|0|0|1|1|0|0|0|0|0|0|0|0|0|0|0
2064|Roger & Me|0|0|1|0|0|0|0|0|0|0|0|0|1|0|0|0|0|0
2082|Mighty Ducks, The|0|1|1|0|0|0|0|0|0|0|0|0|0|0|0|0|0|0
2085|101 Dalmatians|1|1|0|0|0|0|0|0|0|0|0|0|0|0|0|0|0|0
2092|Return of Jafar, The|1|1|0|0|0|0|0|0|0|0|0|0|0|0|1|0|0|0
2098|Son of Flubber|0|1|1|0|0|0|0|0|0|0|0|0|0|0|0|0|0|0
2110|Dead Men Don't Wear Plaid|0|0|1|0|0|0|0|0|1|1|0|0|0|0|0|0|0|0
2113|Graveyard Shift|0|0|0|0|0|0|0|0|0|1|1|0|0|0|0|0|0|0
2122|Children of the Corn|0|0|0|0|0|0|0|0|0|1|1|0|0|0|0|0|0|0
2124|Addams Family, The|0|0|1|0|0|0|0|0|0|0|0|0|0|0|0|0|0|0
2126|Snake Eyes|0|0|0|0|0|0|0|1|1|1|0|0|0|0|0|1|0|0
2128|Safe Men|0|0|1|0|0|0|0|0|0|0|0|0|0|0|0|0|0|0
2131|Autumn Sonata (Höstsonaten )|0|0|0|0|0|0|1|0|0|0|0|0|0|0|0|0|0|0
2138|Watership Down|1|1|0|0|1|0|1|0|0|0|0|0|0|0|0|0|0|0
2140|Dark Crystal, The|0|1|0|0|1|0|0|0|0|0|0|1|0|0|0|0|0|0
2142|American Tail: Fievel Goes West, An|1|1|1|0|0|0|0|0|0|0|0|0|0|0|0|0|0|0
2146|St. Elmo's Fire|0|0|0|0|0|1|1|0|0|0|0|0|0|0|0|0|0|0
2147|Clan of the Cave Bear, The|0|0|0|0|0|0|1|0|0|0|0|0|0|0|0|0|0|0
2151|Gods Must Be Crazy II, The|0|0|1|0|0|0|0|0|0|0|0|0|0|0|0|0|0|0
2158|Henry: Portrait of a Serial Killer, Part 2|0|0|0|0|0|0|0|0|1|0|1|0|0|0|0|0|0|0
2160|Rosemary's Baby|0|0|0|0|0|0|0|0|0|1|1|0|0|0|0|0|0|0
2163|Attack of the Killer Tomatoes!|0|0|1|0|0|0|0|0|0|0|1|0|0|0|0|0|0|0
2164|Surf Nazis Must Die|0|0|0|0|0|0|1|0|0|0|0|0|0|0|0|0|0|0
2165|Your Friends and Neighbors|0|0|0|0|0|0|1|0|0|0|0|0|0|0|0|0|0|0
2172|Strike! (a.k.a. All I Wanna Do, The Hairy Bird)|0|0|1|0|0|0|0|0|0|0|0|0|0|0|0|0|0|0
2182|Wrong Man, The|0|0|0|0|0|0|1|0|0|1|0|0|0|0|0|0|1|0
2193|Willow|0|0|0|1|1|0|0|1|0|0|0|0|0|0|0|0|0|0
2195|Dirty Work|0|0|1|0|0|0|0|0|0|0|0|0|0|0|0|0|0|0
2202|Lifeboat|0|0|0|0|0|0|1|0|0|1|0|0|0|1|0|0|0|0
2206|Suspicion|0|0|0|0|0|0|0|0|0|1|0|0|0|0|0|1|0|0
2208|Lady Vanishes, The|0|0|1|0|0|1|0|0|0|1|0|0|0|0|0|1|0|0
2211|Secret Agent|0|0|0|0|0|0|0|0|0|1|0|0|0|0|0|0|0|0
2214|Number Seventeen|0|0|0|0|0|0|0|0|0|1|0|0|0|0|0|0|0|0
2218|Juno and Paycock|0|0|0|0|0|0|1|0|0|0|0|0|0|0|0|0|0|0
2220|Manxman, The|0|0|0|0|0|0|1|0|0|0|0|0|0|0|0|0|0|0
2222|Champagne|0|0|1|0|0|0|0|0|0|0|0|0|0|0|0|0|0|0
2236|Simon Birch|0|0|0|0|0|0|1|0|0|0|0|0|0|0|0|0|0|0
2237|Without Limits|0|0|0|0|0|0|1|0|0|0|0|0|0|0|0|0|0|0
2239|Swept Away (Travolti da un insolito destino nell'azzurro mare d'Agosto)|0|0|1|0|0|0|1|0|0|0|0|0|0|0|0|0|0|0
2246|Stars and Bars|0|0|1|0|0|0|0|0|0|0|0|0|0|0|0|0|0|0
2248|Say Anything...|0|0|1|0|0|1|1|0|0|0|0|0|0|0|0|0|0|0
2258|Master Ninja I|0|0|0|0|0|0|0|1|0|0|0|0|0|0|0|0|0|0
2260|Wisdom|0|0|0|0|0|0|0|1|1|0|0|0|0|0|0|0|0|0
2262|About Last Night...|0|0|1|0|0|1|1|0|0|0|0|0|0|0|0|0|0|0
2270|Century of Cinema, A|0|0|0|0|0|0|0|0|0|0|0|0|1|0|0|0|0|0
2271|Permanent Midnight|0|0|0|0|0|0|1|0|0|0|0|0|0|0|0|0|0|0
2272|One True Thing|0|0|0|0|0|0|1|0|0|0|0|0|0|0|0|0|0|0
2276|Soldier's Daughter Never Cries, A|0|0|0|0|0|0|1|0|0|0|0|0|0|0|0|0|0|0
2277|Somewhere in the City|0|0|0|0|0|0|1|0|0|0|0|0|0|0|0|0|0|0
2278|Ronin|0|0|0|0|0|0|0|1|1|1|0|0|0|0|0|0|0|0
2292|Overnight Delivery|0|0|0|0|0|1|0|0|0|0|0|0|0|0|0|0|0|0
2298|Strangeland|0|0|0|0|0|0|0|0|0|1|0|0|0|0|0|0|0|0
2304|Love Is the Devil|0|0|0|0|0|0|1|0|0|0|0|0|0|0|0|0|0|0
2326|Shattered Image|0|0|0|0|0|0|1|0|0|1|0|0|0|0|0|0|0|0
2332|Belly|0|0|0|0|0|0|1|0|1|0|0|0|0|0|0|0|0|0
2341|Dancing at Lughnasa|0|0|0|0|0|0|1|0|0|0|0|0|0|0|0|0|0|0
2347|Pope of Greenwich Village, The|0|0|0|0|0|0|0|1|0|0|0|0|0|0|0|0|0|0
2348|Sid and Nancy|0|0|0|0|0|0|1|0|0|0|0|0|0|0|0|0|0|0
2351|Nights of Cabiria (Le Notti di Cabiria)|0|0|0|0|0|0|1|0|0|0|0|0|0|0|0|0|0|0
2356|Celebrity|0|0|1|0|0|0|0|0|0|0|0|0|0|0|0|0|0|0
2362|Glen or Glenda|0|0|0|0|0|0|1|0|0|0|0|0|0|0|0|0|0|0
2367|King Kong|0|0|0|1|0|0|0|1|0|0|1|0|0|0|0|0|0|0
2378|Police Academy|0|0|1|0|0|0|0|0|0|0|0|0|0|0|0|0|0|0
2384|Babe: Pig in the City|0|1|1|0|0|0|0|0|0|0|0|0|0|0|0|0|0|0
2386|Jerry Springer: Ringmaster|0|0|0|0|0|0|1|0|0|0|0|0|0|0|0|0|0|0
2388|Steam: The Turkish Bath (Hamam)|0|0|0|0|0|1|1|0|0|0|0|0|0|0|0|0|0|0
2396|Shakespeare in Love|0|0|1|0|0|1|0|0|0|0|0|0|0|0|0|0|0|0
2397|Mass Appeal|0|0|0|0|0|0|1|0|0|0|0|0|0|0|0|0|0|0
2403|First Blood|0|0|0|0|0|0|0|1|0|0|0|0|0|0|0|0|0|0
2408|Cocoon: The Return|0|0|1|0|0|0|0|0|0|0|0|1|0|0|0|0|0|0
2417|Heartburn|0|0|1|0|0|0|1|0|0|0|0|0|0|0|0|0|0|0
2418|Nothing in Common|0|0|1|0|0|0|0|0|0|0|0|0|0|0|0|0|0|0
2421|Karate Kid, Part II, The|0|0|0|1|0|0|1|1|0|0|0|0|0|0|0|0|0|0
2423|Christmas Vacation|0|0|1|0|0|0|0|0|0|0|0|0|0|0|0|0|0|0
2425|General, The|0|0|0|0|0|0|0|0|1|0|0|0|0|0|0|0|0|0
2434|Down in the Delta|0|0|0|0|0|0|1|0|0|0|0|0|0|0|0|0|0|0
2436|Tea with Mussolini|0|0|1|0|0|0|0|0|0|0|0|0|0|0|0|0|0|0
2439|Affliction|0|0|0|0|0|0|1|0|0|0|0|0|0|0|0|0|0|0
2440|Another Day in Paradise|0|0|0|0|0|0|1|0|0|0|0|0|0|0|0|0|0|0
2446|In Dreams|0|0|0|0|0|0|0|0|0|1|0|0|0|0|0|0|0|0
2451|Gate, The|0|0|0|0|0|0|0|0|0|0|1|0|0|0|0|0|0|0
2455|Fly, The|0|0|0|0|0|0|0|0|0|0|1|1|0|0|0|0|0|0
2458|Armed and Dangerous|0|0|1|0|0|0|0|0|1|0|0|0|0|0|0|0|0|0
2464|Trick or Treat|0|0|0|0|0|0|0|0|0|0|1|0|0|0|0|0|0|0
2467|Name of the Rose, The|0|0|0|0|0|0|0|0|0|0|0|0|0|0|0|1|0|0
2472|Tough Guys|0|0|1|0|0|0|0|0|0|0|0|0|0|0|0|0|0|0
2473|Soul Man|0|0|1|0|0|0|0|0|0|0|0|0|0|0|0|0|0|0
2478|Three Amigos!|0|0|1|0|0|0|0|0|0|0|0|0|0|0|0|0|0|1
2481|My Name Is Joe|0|0|0|0|0|1|1|0|0|0|0|0|0|0|0|0|0|0
2482|Still Crazy|0|0|1|0|0|1|0|0|0|0|0|0|0|0|0|0|0|0
2486|24-hour Woman|0|0|0|0|0|0|1|0|0|0|0|0|0|0|0|0|0|0
2494|Last Days, The|0|0|0|0|0|0|0|0|0|0|0|0|1|0|0|0|0|0
2510|Just the Ticket|0|0|1|0|0|1|0|0|0|0|0|0|0|0|0|0|0|0
2511|Long Goodbye, The|0|0|0|0|0|0|0|0|1|0|0|0|0|0|0|0|0|0
2528|Logan's Run|0|0|0|1|0|0|0|1|0|0|0|1|0|0|0|0|0|0
2531|Battle for the Planet of the Apes|0|0|0|0|0|0|0|1|0|0|0|1|0|0|0|0|0|0
2539|Analyze This|0|0|1|0|0|0|0|0|0|0|0|0|0|0|0|0|0|0
2545|Relax... It's Just Sex|0|0|1|0|0|0|0|0|0|0|0|0|0|0|0|0|0|0
2546|Deep End of the Ocean, The|0|0|0|0|0|0|1|0|0|0|0|0|0|0|0|0|0|0
2547|Harvest|0|0|0|0|0|0|1|0|0|0|0|0|0|0|0|0|0|0
2548|Rage: Carrie 2, The|0|0|0|0|0|0|0|0|0|0|1|0|0|0|0|0|0|0
2550|Haunting, The|0|0|0|0|0|0|0|0|0|1|1|0|0|0|0|0|0|0
2553|Village of the Damned|0|0|0|0|0|0|0|0|0|1|1|1|0|0|0|0|0|0
2567|EDtv|0|0|1|0|0|0|0|0|0|0|0|0|0|0|0|0|0|0
2572|10 Things I Hate About You|0|0|1|0|0|1|0|0|0|0|0|0|0|0|0|0|0|0
2579|Following|0|0|0|0|0|0|1|0|0|0|0|0|0|0|0|0|0|0
2587|Life|0|0|1|0|0|0|0|0|0|0|0|0|0|0|0|0|0|0
2589|Friends & Lovers|0|0|1|0|0|1|1|0|0|0|0|0|0|0|0|0|0|0
2597|Lost & Found|0|0|1|0|0|1|0|0|0|0|0|0|0|0|0|0|0|0
2601|Little Bit of Soul, A|0|0|1|0|0|0|0|0|0|0|0|0|0|0|0|0|0|0
2605|Entrapment|0|0|0|0|0|0|0|0|1|1|0|0|0|0|0|0|0|0
2607|Get Real|0|0|0|0|0|0|1|0|0|0|0|0|0|0|0|0|0|0
2609|King of Masks, The (Bian Lian)|0|0|0|0|0|0|1|0|0|0|0|0|0|0|0|0|0|0
2610|Three Seasons|0|0|0|0|0|0|1|0|0|0|0|0|0|0|0|0|0|0
2613|Night of the Comet|0|0|0|0|0|0|0|1|0|0|1|1|0|0|0|0|0|0
2615|My Science Project|0|0|0|1|0|0|0|0|0|0|0|1|0|0|0|0|0|0
2617|Mummy, The|0|0|0|1|0|0|0|1|0|1|1|0|0|0|0|0|0|0
2618|Castle, The|0|0|1|0|0|0|0|0|0|0|0|0|0|0|0|0|0|0
2623|Trippin'|0|0|1|0|0|0|0|0|0|0|0|0|0|0|0|0|0|0
2625|Black Mask (Hak hap)|0|0|0|0|0|0|0|1|0|0|0|0|0|0|0|0|0|0
2629|Love Letter, The|0|0|1|0|0|1|0|0|0|0|0|0|0|0|0|0|0|0
2639|Mommie Dearest|0|0|0|0|0|0|1|0|0|0|0|0|0|0|0|0|0|0
2641|Superman II|0|0|0|1|0|0|0|1|0|0|0|1|0|0|0|0|0|0
2642|Superman III|0|0|0|1|0|0|0|1|0|0|0|1|0|0|0|0|0|0
2647|House of Frankenstein|0|0|0|0|0|0|0|0|0|0|1|0|0|0|0|0|0|0
2650|Ghost of Frankenstein, The|0|0|0|0|0|0|0|0|0|0|1|0|0|0|0|0|0|0
2662|War of the Worlds, The|0|0|0|0|0|0|0|1|0|0|0|1|0|1|0|0|0|0
2666|It Conquered the World|0|0|0|0|0|0|0|0|0|0|0|1|0|0|0|0|0|0
2668|Swamp Thing|0|0|0|0|0|0|0|0|0|0|1|1|0|0|0|0|0|0
2669|Pork Chop Hill|0|0|0|0|0|0|0|0|0|0|0|0|0|1|0|0|0|0
2678|Desert Blue|0|0|0|0|0|0|1|0|0|0|0|0|0|0|0|0|0|0
2679|Finding North|0|0|0|0|0|1|1|0|0|0|0|0|0|0|0|0|0|0
2680|Floating|0|0|0|0|0|0|1|0|0|0|0|0|0|0|0|0|0|0
2681|Free Enterprise|0|0|1|0|0|1|0|0|0|0|0|1|0|0|0|0|0|0
2682|Limbo|0|0|0|0|0|0|1|0|0|0|0|0|0|0|0|0|0|0
2684|Taxman|0|0|1|0|0|0|1|0|0|0|0|0|0|0|0|0|0|0
2692|Run Lola Run (Lola rennt)|0|0|0|0|0|1|0|1|1|0|0|0|0|0|0|0|0|0
2693|Trekkies|0|0|0|0|0|0|0|0|0|0|0|0|1|0|0|0|0|0
2695|Boys, The|0|0|0|0|0|0|1|0|0|0|0|0|0|0|0|0|0|0
2702|Summer of Sam|0|0|0|0|0|0|1|0|0|0|0|0|0|0|0|0|0|0
2703|Broken Vessels|0|0|0|0|0|0|1|0|0|0|0|0|0|0|0|0|0|0
2705|Late August, Early September (Fin août, début septembre)|0|0|0|0|0|0|1|0|0|0|0|0|0|0|0|0|0|0
2711|My Life So Far|0|0|0|0|0|0|1|0|0|0|0|0|0|0|0|0|0|0
2716|Ghostbusters|0|0|1|0|0|0|0|0|0|0|1|0|0|0|0|0|0|0
2722|Deep Blue Sea|0|0|0|0|0|0|0|1|0|1|0|1|0|0|0|0|0|0
2731|400 Blows, The (Les Quatre cents coups)|0|0|0|0|0|0|1|0|0|0|0|0|0|0|0|0|0|0
2741|No Mercy|0|0|0|0|0|0|0|1|0|1|0|0|0|0|0|0|0|0
2748|Allan Quartermain and the Lost City of Gold|0|0|0|1|0|0|0|1|0|0|0|0|0|0|0|0|0|0
2749|Morning After, The|0|0|0|0|0|0|1|0|0|0|0|0|0|0|0|1|0|0
2751|From the Hip|0|0|1|0|0|0|0|0|0|0|0|0|0|0|0|0|0|0
2754|Deadtime Stories|0|0|0|0|0|0|0|0|0|0|1|0|0|0|0|0|0|0
2759|Dick|0|0|1|0|0|0|0|0|0|0|0|0|0|0|0|0|0|0
2763|Thomas Crown Affair, The|0|0|0|0|0|0|0|1|0|1|0|0|0|0|0|0|0|0
2767|Illuminata|0|0|1|0|0|0|0|0|0|0|0|0|0|0|0|0|0|0
2769|Yards, The|0|0|0|0|0|0|0|0|1|0|0|0|0|0|0|1|0|0
2772|Detroit Rock City|0|0|1|0|0|0|0|0|0|0|0|0|0|0|0|0|0|0
2773|Alice and Martin (Alice et Martin)|0|0|0|0|0|0|1|0|0|0|0|0|0|0|0|0|0|0
2776|Marcello Mastroianni: I Remember Yes, I Remember|0|0|0|0|0|0|0|0|0|0|0|0|1|0|0|0|0|0
2779|Heaven Can Wait|0|0|1|0|0|0|0|0|0|0|0|0|0|0|0|0|0|0
2780|Raven, The|0|0|1|0|0|0|0|0|0|0|1|0|0|0|0|0|0|0
2784|Masque of the Red Death, The|0|0|0|0|0|0|0|0|0|0|1|0|0|0|0|0|0|0
2789|Damien: Omen II|0|0|0|0|0|0|0|0|0|0|1|0|0|0|0|0|0|0
2794|European Vacation|0|0|1|0|0|0|0|0|0|0|0|0|0|0|0|0|0|0
2795|Vacation|0|0|1|0|0|0|0|0|0|0|0|0|0|0|0|0|0|0
2797|Big|0|0|1|0|1|0|0|0|0|0|0|0|0|0|0|0|0|0
2801|Oscar and Lucinda (a.k.a. Oscar & Lucinda)|0|0|0|0|0|1|1|0|0|0|0|0|0|0|0|0|0|0
2811|With Friends Like These...|0|0|1|0|0|0|0|0|0|0|0|0|0|0|0|0|0|0
2812|In Too Deep|0|0|0|0|0|0|0|1|0|1|0|0|0|0|0|0|0|0
2813|Source, The|0|0|0|0|0|0|0|0|0|0|0|0|1|0|0|0|0|0
2816|Iron Eagle II|0|0|0|0|0|0|0|1|0|0|0|0|0|1|0|0|0|0
2817|Aces: Iron Eagle III|0|0|0|0|0|0|0|1|0|0|0|0|0|1|0|0|0|0
2823|Spiders, The (Die Spinnen, 1. Teil: Der Goldene See)|0|0|0|0|0|0|1|1|0|0|0|0|0|0|0|0|0|0
2826|13th Warrior, The|0|0|0|0|0|0|0|1|0|1|1|0|0|0|0|0|0|0
2828|Dudley Do-Right|0|1|1|0|0|0|0|0|0|0|0|0|0|0|0|0|0|0
2831|Dog of Flanders, A|0|0|0|0|0|0|1|0|0|0|0|0|0|0|0|0|0|0
2837|Bedrooms & Hallways|0|0|1|0|0|1|0|0|0|0|0|0|0|0|0|0|0|0
2843|Black Cat, White Cat (Crna macka, beli macor)|0|0|1|0|0|1|0|0|0|0|0|0|0|0|0|0|0|0
2846|Adventures of Milo and Otis, The|0|1|0|0|0|0|0|0|0|0|0|0|0|0|0|0|0|0
2851|Saturn 3|0|0|0|1|0|0|0|0|0|1|0|1|0|0|0|0|0|0
2855|Nightmares|0|0|0|0|0|0|0|0|0|0|1|0|0|0|0|0|0|0
2858|American Beauty|0|0|1|0|0|0|1|0|0|0|0|0|0|0|0|0|0|0
2864|Splendor|0|0|1|0|0|0|0|0|0|0|0|0|0|0|0|0|0|0
2867|Fright Night|0|0|1|0|0|0|0|0|0|0|1|0|0|0|0|0|0|0
2877|Tommy|0|0|0|0|0|0|1|0|0|0|0|0|0|0|1|0|0|0
2883|Mumford|0|0|1|0|0|0|0|0|0|0|0|0|0|0|0|0|0|0
2884|Dog Park|0|0|1|0|0|1|0|0|0|0|0|0|0|0|0|0|0|0
2885|Guinevere|0|0|0|0|0|1|1|0|0|0|0|0|0|0|0|0|0|0
2886|Adventures of Elmo in Grouchland, The|0|1|1|0|0|0|0|0|0|0|0|0|0|0|0|0|0|0
2890|Three Kings|0|0|0|0|0|0|1|0|0|0|0|0|0|1|0|0|0|0
2892|New Rose Hotel|0|0|0|0|0|0|1|1|0|0|0|0|0|0|0|0|0|0
2895|Napoleon and Samantha|0|0|0|1|0|0|0|0|0|0|0|0|0|0|0|0|0|0
2900|Monkey Shines|0|0|0|0|0|0|0|0|0|0|1|1|0|0|0|0|0|0
2913|Mating Habits of the Earthbound Human, The|0|0|1|0|0|0|0|0|0|0|0|0|0|0|0|0|0|0
2914|Molly|0|0|1|0|0|0|1|0|0|0|0|0|0|0|0|0|0|0
2917|Body Heat|0|0|0|0|0|0|0|0|1|1|0|0|0|0|0|0|0|0
2923|Citizen's Band (a.k.a. Handle with Care)|0|0|1|0|0|0|0|0|0|0|0|0|0|0|0|0|0|0
2935|Lady Eve, The|0|0|1|0|0|1|0|0|0|0|0|0|0|0|0|0|0|0
2937|Palm Beach Story, The|0|0|1|0|0|0|0|0|0|0|0|0|0|0|0|0|0|0
2945|Mike's Murder|0|0|0|0|0|0|0|0|0|0|0|0|0|0|0|1|0|0
2951|Fistful of Dollars, A|0|0|0|0|0|0|0|1|0|0|0|0|0|0|0|0|0|1
2962|Fever Pitch|0|0|1|0|0|1|0|0|0|0|0|0|0|0|0|0|0|0
2963|Joe the King|0|0|0|0|0|0|1|0|1|0|0|0|0|0|0|0|0|0
2970|Fitzcarraldo|0|0|0|1|0|0|1|0|0|0|0|0|0|0|0|0|0|0
2971|All That Jazz|0|0|0|0|0|0|0|0|0|0|0|0|0|0|1|0|0|0
2972|Red Sorghum (Hong Gao Liang)|0|0|0|0|0|0|1|0|0|0|0|0|0|1|0|0|0|0
2974|Bats|0|0|0|0|0|0|0|0|0|1|1|0|0|0|0|0|0|0
2979|Body Shots|0|0|0|0|0|0|1|0|0|0|0|0|0|0|0|0|0|0
2980|Men Cry Bullets|0|0|0|0|0|0|1|0|0|0|0|0|0|0|0|0|0|0
2987|Who Framed Roger Rabbit?|1|0|0|1|0|0|0|0|0|0|0|0|0|0|0|0|1|0
2990|Licence to Kill|0|0|0|0|0|0|0|1|0|0|0|0|0|0|0|0|0|0
2994|City, The|0|0|0|0|0|0|1|0|0|0|0|0|0|0|0|0|0|0
2996|Music of the Heart|0|0|0|0|0|0|1|0|0|0|0|0|0|0|0|0|0|0
2997|Being John Malkovich|0|0|1|0|0|0|0|0|0|0|0|0|0|0|0|0|0|0
3000|Princess Mononoke, The (Mononoke Hime)|1|0|0|1|0|0|0|1|0|0|0|0|0|0|0|0|0|0
3003|Train of Life (Train De Vie)|0|0|1|0|0|0|1|0|0|0|0|0|0|0|0|0|0|0
3011|They Shoot Horses, Don't They?|0|0|0|0|0|0|1|0|0|0|0|0|0|0|0|0|0|0
3014|Bustin' Loose|0|0|1|0|0|0|0|0|0|0|0|0|0|0|0|0|0|0
3017|Creepshow 2|0|0|0|0|0|0|0|0|0|0|1|0|0|0|0|0|0|0
3019|Drugstore Cowboy|0|0|0|0|0|0|1|0|1|0|0|0|0|0|0|0|0|0
3023|My Best Girl|0|0|1|0|0|1|0|0|0|0|0|0|0|0|0|0|0|0
3024|Piranha|0|0|0|0|0|0|0|0|0|0|1|1|0|0|0|0|0|0
3038|Face in the Crowd, A|0|0|0|0|0|0|1|0|0|0|0|0|0|0|0|0|0|0
3046|Incredibly True Adventure of Two Girls in Love, The|0|0|1|0|0|1|0|0|0|0|0|0|0|0|0|0|0|0
3052|Dogma|0|0|1|0|0|0|0|0|0|0|0|0|0|0|0|0|0|0
3053|Messenger: The Story of Joan of Arc, The|0|0|0|0|0|0|1|0|0|0|0|0|0|1|0|0|0|0
3055|Felicia's Journey|0|0|0|0|0|0|0|0|0|1|0|0|0|0|0|0|0|0
3067|Women on the Verge of a Nervous Breakdown|0|0|1|0|0|0|1|0|0|0|0|0|0|0|0|0|0|0
3070|Adventures of Buckaroo Bonzai Across the 8th Dimension, The|0|0|1|1|0|0|0|0|0|0|0|1|0|0|0|0|0|0
3072|Moonstruck|0|0|1|0|0|0|0|0|0|0|0|0|0|0|0|0|0|0
3078|Liberty Heights|0|0|0|0|0|0|1|0|0|0|0|0|0|0|0|0|0|0
3088|Harvey|0|0|1|0|0|0|0|0|0|0|0|0|0|0|0|0|0|0
3092|Chushingura|0|0|0|0|0|0|1|0|0|0|0|0|0|0|0|0|0|0
3097|Shop Around the Corner, The|0|0|1|0|0|1|0|0|0|0|0|0|0|0|0|0|0|0
3099|Shampoo|0|0|1|0|0|1|0|0|0|0|0|0|0|0|0|0|0|0
3101|Fatal Attraction|0|0|0|0|0|0|0|0|0|1|0|0|0|0|0|0|0|0
3108|Fisher King, The|0|0|1|0|0|1|1|0|0|0|0|0|0|0|0|0|0|0
3121|Hitch-Hiker, The|0|0|0|0|0|0|0|0|0|0|0|0|0|0|0|0|1|0
3125|End of the Affair, The|0|0|0|0|0|0|1|0|0|0|0|0|0|0|0|0|0|0
3127|Holy Smoke|0|0|0|0|0|0|1|0|0|0|0|0|0|0|0|0|0|0
3128|Map of the World, A|0|0|0|0|0|0|1|0|0|0|0|0|0|0|0|0|0|0
3130|Bonfire of the Vanities|0|0|1|0|0|0|0|0|0|0|0|0|0|0|0|0|0|0
3131|Broadway Damage|0|0|1|0|0|0|0|0|0|0|0|0|0|0|0|0|0|0
3133|Go West|0|0|1|0|0|0|0|0|0|0|0|0|0|0|0|0|0|0
3148|Cider House Rules, The|0|0|0|0|0|0|1|0|0|0|0|0|0|0|0|0|0|0
3154|Blood on the Sun|0|0|0|0|0|0|1|0|0|0|0|0|0|1|0|0|0|0
3156|Bicentennial Man|0|0|1|0|0|0|1|0|0|0|0|1|0|0|0|0|0|0
3159|Fantasia 2000|1|1|0|0|0|0|0|0|0|0|0|0|0|0|1|0|0|0
3172|Ulysses (Ulisse)|0|0|0|1|0|0|0|0|0|0|0|0|0|0|0|0|0|0
3174|Man on the Moon|0|0|1|0|0|0|1|0|0|0|0|0|0|0|0|0|0|0
3180|Play it to the Bone|0|0|1|0|0|0|1|0|0|0|0|0|0|0|0|0|0|0
3184|Montana|0|0|1|0|0|0|1|1|1|0|0|0|0|0|0|0|0|0
3192|Terrorist, The (Malli)|0|0|0|0|0|0|1|0|0|0|0|0|0|0|0|0|0|0
3193|Creature|0|0|0|0|0|0|0|0|0|0|0|0|1|0|0|0|0|0
3196|Stalag 17|0|0|0|0|0|0|1|0|0|0|0|0|0|1|0|0|0|0
3220|Night Tide|0|0|0|0|0|0|1|0|0|0|0|0|0|0|0|0|0|0
3222|Carmen|0|0|0|0|0|0|1|0|0|0|0|0|0|0|0|0|0|0
3226|Hellhounds on My Trail|0|0|0|0|0|0|0|0|0|0|0|0|1|0|0|0|0|0
3235|Where the Buffalo Roam|0|0|1|0|0|0|0|0|0|0|0|0|0|0|0|0|0|0
3237|Kestrel's Eye (Falkens öga)|0|0|0|0|0|0|0|0|0|0|0|0|1|0|0|0|0|0
3239|Isn't She Great?|0|0|1|0|0|0|0|0|0|0|0|0|0|0|0|0|0|0
3247|Sister Act|0|0|1|0|0|0|0|0|1|0|0|0|0|0|0|0|0|0
3263|White Men Can't Jump|0|0|1|0|0|0|0|0|0|0|0|0|0|0|0|0|0|0
3271|Of Mice and Men|0|0|0|0|0|0|1|0|0|0|0|0|0|0|0|0|0|0
3274|Single White Female|0|0|0|0|0|0|0|1|0|0|0|0|0|0|0|0|0|0
3282|Different for Girls|0|0|1|0|0|0|0|0|0|0|0|0|0|0|0|0|0|0
3288|Cotton Mary|0|0|0|0|0|0|1|0|0|0|0|0|0|0|0|0|0|0
3296|To Sir with Love|0|0|0|0|0|0|1|0|0|0|0|0|0|0|0|0|0|0
3306|Circus, The|0|0|1|0|0|0|0|0|0|0|0|0|0|0|0|0|0|0
3312|McCullochs, The|0|0|0|0|0|0|1|0|0|0|0|0|0|0|0|0|0|0
3314|Big Trees, The|0|0|0|0|0|0|1|1|0|0|0|0|0|0|0|0|0|0
3320|Mifune (Mifunes sidste sang)|0|0|1|0|0|1|0|0|0|0|0|0|0|0|0|0|0|0
3325|Next Best Thing, The|0|0|1|0|0|0|1|0|0|0|0|0|0|0|0|0|0|0
3341|Born Yesterday|0|0|1|0|0|0|0|0|0|0|0|0|0|0|0|0|0|0
3343|And God Created Woman|0|0|1|0|0|1|1|0|0|0|0|0|0|0|0|0|0|0
3351|Two Thousand Maniacs!|0|0|0|0|0|0|0|0|0|0|1|0|0|0|0|0|0|0
3359|Breaking Away|0|0|0|0|0|0|1|0|0|0|0|0|0|0|0|0|0|0
3366|Where Eagles Dare|0|0|0|1|0|0|0|1|0|0|0|0|0|1|0|0|0|0
3377|Hangmen Also Die|0|0|0|0|0|0|1|0|0|0|0|0|0|1|0|0|0|0
3382|Song of Freedom|0|0|0|0|0|0|1|0|0|0|0|0|0|0|0|0|0|0
3383|Big Fella|0|0|0|0|0|0|1|0|0|0|0|0|0|0|1|0|0|0
3384|Taking of Pelham One Two Three, The|0|0|0|0|0|0|0|1|0|0|0|0|0|0|0|0|0|0
3394|Blind Date|0|0|1|0|0|1|0|0|0|0|0|0|0|0|0|0|0|0
3395|Nadine|0|0|1|0|0|0|0|0|0|0|0|0|0|0|0|0|0|0
3409|Final Destination|0|0|0|0|0|0|1|0|0|1|0|0|0|0|0|0|0|0
3410|Soft Fruit|0|0|1|0|0|0|1|0|0|0|0|0|0|0|0|0|0|0
3415|Mirror, The (Zerkalo)|0|0|0|0|0|0|1|0|0|0|0|0|0|0|0|0|0|0
3423|School Daze|0|0|0|0|0|0|1|0|0|0|0|0|0|0|0|0|0|0
3427|Coogan's Bluff|0|0|0|0|0|0|0|0|1|0|0|0|0|0|0|0|0|0
3429|Creature Comforts|1|0|1|0|0|0|0|0|0|0|0|0|0|0|0|0|0|0
3430|Death Wish|0|0|0|0|0|0|1|1|0|0|0|0|0|0|0|0|0|0
3431|Death Wish II|0|0|0|0|0|0|1|1|0|0|0|0|0|0|0|0|0|0
3437|Cool as Ice|0|0|0|0|0|0|1|0|0|0|0|0|0|0|0|0|0|0
3445|Eyes of Laura Mars|0|0|0|0|0|0|0|0|0|1|0|0|0|0|0|1|0|0
3446|Funny Bones|0|0|1|0|0|0|0|0|0|0|0|0|0|0|0|0|0|0
3450|Grumpy Old Men|0|0|1|0|0|0|0|0|0|0|0|0|0|0|0|0|0|0
3452|Romeo Must Die|0|0|0|0|0|1|0|1|0|0|0|0|0|0|0|0|0|0
3453|Here on Earth|0|0|0|0|0|1|1|0|0|0|0|0|0|0|0|0|0|0
3457|Waking the Dead|0|0|0|0|0|0|1|0|0|0|0|0|0|0|0|0|0|0
3465|That's Life!|0|0|0|0|0|0|1|0|0|0|0|0|0|0|0|0|0|0
3473|Jonah Who Will Be 25 in the Year 2000|0|0|1|0|0|0|0|0|0|0|0|0|0|0|0|0|0|0
3484|Skulls, The|0|0|0|0|0|0|0|0|0|1|0|0|0|0|0|0|0|0
3485|Autopsy (Macchie Solari)|0|0|0|0|0|0|0|0|0|0|1|0|0|0|0|0|0|0
3489|Hook|0|0|0|1|1|0|0|0|0|0|0|0|0|0|0|0|0|0
3495|Roadside Prophets|0|0|1|0|0|0|1|0|0|0|0|0|0|0|0|0|0|0
3496|Madame Sousatzka|0|0|0|0|0|0|1|0|0|0|0|0|0|0|0|0|0|0
3500|Mr. Saturday Night|0|0|1|0|0|0|1|0|0|0|0|0|0|0|0|0|0|0
3501|Murphy's Romance|0|0|1|0|0|1|0|0|0|0|0|0|0|0|0|0|0|0
3514|Joe Gould's Secret|0|0|0|0|0|0|1|0|0|0|0|0|0|0|0|0|0|0
3520|How to Stuff a Wild Bikini|0|0|1|0|0|0|0|0|0|0|0|0|0|0|0|0|0|0
3522|Sacco and Vanzetti (Sacco e Vanzetti)|0|0|0|0|0|0|1|0|0|0|0|0|0|0|0|0|0|0
3525|Bachelor Party|0|0|1|0|0|0|0|0|0|0|0|0|0|0|0|0|0|0
3526|Parenthood|0|0|1|0|0|0|1|0|0|0|0|0|0|0|0|0|0|0
3528|Prince of Tides, The|0|0|0|0|0|1|1|0|0|0|0|0|0|0|0|0|0|0
3529|Postman Always Rings Twice, The|0|0|0|0|0|0|0|0|1|1|0|0|0|0|0|0|0|0
3537|Where the Money Is|0|0|1|0|0|0|1|0|0|0|0|0|0|0|0|0|0|0
3540|Passion of Mind|0|0|0|0|0|1|0|0|0|1|0|0|0|0|0|0|0|0
3543|Diner|0|0|1|0|0|0|1|0|0|0|0|0|0|0|0|0|0|0
3548|Auntie Mame|0|0|1|0|0|0|1|0|0|0|0|0|0|0|0|0|0|0
3549|Guys and Dolls|0|0|0|0|0|0|0|0|0|0|0|0|0|0|1|0|0|0
3552|Caddyshack|0|0|1|0|0|0|0|0|0|0|0|0|0|0|0|0|0|0
3553|Gossip|0|0|0|0|0|0|1|0|0|1|0|0|0|0|0|0|0|0
3554|Love and Basketball|0|0|0|0|0|1|1|0|0|0|0|0|0|0|0|0|0|0
3563|Crow: Salvation, The|0|0|0|0|0|0|0|1|0|0|1|0|0|0|0|0|0|0
3573|Carnosaur 2|0|0|0|0|0|0|0|0|0|0|1|1|0|0|0|0|0|0
3580|Up at the Villa|0|0|0|0|0|0|1|0|0|0|0|0|0|0|0|0|0|0
3582|Jails, Hospitals & Hip-Hop|0|0|0|0|0|0|1|0|0|0|0|0|0|0|0|0|0|0
3583|Black Tights (Les Collants Noirs)|0|0|0|0|0|0|1|0|0|0|0|0|0|0|0|0|0|0
3584|Breathless|0|0|0|0|0|1|1|1|0|1|0|0|0|0|0|0|0|0
3585|Great Locomotive Chase, The|0|0|0|1|0|0|0|0|0|0|0|0|0|1|0|0|0|0
3587|Inferno|0|0|0|0|0|0|0|0|0|0|1|0|0|0|0|0|0|0
3588|King of Marvin Gardens, The|0|0|0|0|0|0|1|0|1|0|0|0|0|0|0|0|0|0
3589|Kill, Baby... Kill! (Operazione Paura)|0|0|0|0|0|0|0|0|0|0|1|0|0|0|0|0|0|0
3597|Whipped|0|0|1|0|0|0|0|0|0|0|0|0|0|0|0|0|0|0
3610|Roustabout|0|0|0|0|0|0|0|0|0|0|0|0|0|0|1|0|0|0
3616|Loser|0|0|1|0|0|1|0|0|0|0|0|0|0|0|0|0|0|0
3621|Possession|0|0|0|0|0|0|1|0|0|0|1|0|0|0|0|0|0|0
3632|Monsieur Verdoux|0|0|1|0|0|0|0|0|0|0|0|0|0|0|0|0|0|0
3633|On Her Majesty's Secret Service|0|0|0|0|0|0|0|1|0|0|0|0|0|0|0|0|0|0
3634|Seven Days in May|0|0|0|0|0|0|0|0|0|1|0|0|0|0|0|0|0|0
3638|Moonraker|0|0|0|0|0|1|0|1|0|0|0|1|0|0|0|0|0|0
3640|King in New York, A|0|0|1|0|0|0|1|0|0|0|0|0|0|0|0|0|0|0
3653|Endless Summer, The|0|0|0|0|0|0|0|0|0|0|0|0|1|0|0|0|0|0
3670|Story of G.I. Joe, The|0|0|0|0|0|0|0|0|0|0|0|0|0|1|0|0|0|0
3672|Benji|0|1|0|1|0|0|0|0|0|0|0|0|0|0|0|0|0|0
3674|For the Love of Benji|0|1|0|1|0|0|0|0|0|0|0|0|0|0|0|0|0|0
3679|Decline of Western Civilization, The|0|0|0|0|0|0|0|0|0|0|0|0|1|0|0|0|0|0
3687|Light Years|0|0|0|0|0|0|0|0|0|0|0|1|0|0|0|0|0|0
3690|Porky's Revenge|0|0|1|0|0|0|0|0|0|0|0|0|0|0|0|0|0|0
3692|Class of Nuke 'Em High|0|0|1|0|0|0|0|0|0|0|1|0|0|0|0|0|0|0
3694|Toxic Avenger, Part II, The|0|0|1|0|0|0|0|0|0|0|1|0|0|0|0|0|0|0
3698|Running Man, The|0|0|0|1|0|0|0|1|0|0|0|1|0|0|0|0|0|0
3707|Nine 1/2 Weeks|0|0|0|0|0|0|1|0|0|0|0|0|0|0|0|0|0|0
3711|Sarafina!|0|0|0|0|0|0|1|0|0|0|0|0|0|0|0|0|0|0
3718|American Pimp|0|0|0|0|0|0|0|0|0|0|0|0|1|0|0|0|0|0
3733|Paper Chase, The|0|0|0|0|0|0|1|0|0|0|0|0|0|0|0|0|0|0
3748|Match, The|0|0|1|0|0|1|0|0|0|0|0|0|0|0|0|0|0|0
3762|Daughter of Dr. Jeckyll|0|0|0|0|0|0|0|0|0|0|1|0|0|0|0|0|0|0
3765|Hot Spot, The|0|0|0|0|0|1|1|0|0|0|0|0|0|0|0|0|0|0
3768|Braddock: Missing in Action III|0|0|0|0|0|0|0|1|0|0|0|0|0|1|0|0|0|0
3774|House Party 2|0|0|1|0|0|0|0|0|0|0|0|0|0|0|0|0|0|0
3776|Melody Time|1|1|0|0|0|0|0|0|0|0|0|0|0|0|1|0|0|0
3785|Scary Movie|0|0|1|0|0|0|0|0|0|0|1|0|0|0|0|0|0|0
3786|But I'm a Cheerleader|0|0|1|0|0|0|0|0|0|0|0|0|0|0|0|0|0|0
3788|Blowup|0|0|0|0|0|0|1|0|0|0|0|0|0|0|0|1|0|0
3792|Duel in the Sun|0|0|0|0|0|0|0|0|0|0|0|0|0|0|0|0|0|1
3798|What Lies Beneath|0|0|0|0|0|0|0|0|0|1|0|0|0|0|0|0|0|0
3801|Anatomy of a Murder|0|0|0|0|0|0|1|0|0|0|0|0|0|0|0|1|0|0
3805|Knightriders|0|0|0|1|0|0|1|1|0|0|0|0|0|0|0|0|0|0
3807|Sinbad and the Eye of the Tiger|0|0|0|1|0|0|0|1|0|0|0|0|0|0|0|0|0|0
3808|Two Women (La Ciociara)|0|0|0|0|0|0|1|0|0|0|0|0|0|1|0|0|0|0
3819|Tampopo|0|0|1|0|0|0|0|0|0|0|0|0|0|0|0|0|0|0
3829|Mad About Mambo|0|0|1|0|0|1|0|0|0|0|0|0|0|0|0|0|0|0
3836|Kelly's Heroes|0|0|1|0|0|0|0|1|0|0|0|0|0|1|0|0|0|0
3841|Air America|0|0|1|0|0|0|0|1|0|0|0|0|0|0|0|0|0|0
3842|Make Them Die Slowly (Cannibal Ferox)|0|0|0|0|0|0|0|0|0|0|1|0|0|0|0|0|0|0
3845|And God Created Woman (Et Dieu&#8230;Créa la Femme)|0|0|0|0|0|0|1|0|0|0|0|0|0|0|0|0|0|0
3854|Aimée & Jaguar|0|0|0|0|0|1|1|0|0|0|0|0|0|0|0|0|0|0
3855|Affair of Love, An (Une Liaison Pornographique)|0|0|0|0|0|1|1|0|0|0|0|0|0|0|0|0|0|0
3856|Autumn Heart|0|0|0|0|0|0|1|0|0|0|0|0|0|0|0|0|0|0
3859|Eyes of Tammy Faye, The|0|0|0|0|0|0|0|0|0|0|0|0|1|0|0|0|0|0
3861|Replacements, The|0|0|1|0|0|0|0|0|0|0|0|0|0|0|0|0|0|0
3873|Cat Ballou|0|0|1|0|0|0|0|0|0|0|0|0|0|0|0|0|0|1
3879|Art of War, The|0|0|0|0|0|0|0|1|0|0|0|0|0|0|0|0|0|0
3880|Ballad of Ramblin' Jack, The|0|0|0|0|0|0|0|0|0|0|0|0|1|0|0|0|0|0
3890|Back Stage|0|0|0|0|0|0|0|0|0|0|0|0|1|0|0|0|0|0
3899|Circus|0|0|1|0|0|0|0|0|0|0|0|0|0|0|0|0|0|0
3900|Crime and Punishment in Suburbia|0|0|1|0|0|0|1|0|0|0|0|0|0|0|0|0|0|0
3901|Duets|0|0|1|0|0|0|1|0|0|0|0|0|0|0|0|0|0|0
3902|Goya in Bordeaux (Goya en Bodeos)|0|0|0|0|0|0|1|0|0|0|0|0|0|0|0|0|0|0
3907|Prince of Central Park, The|0|0|0|0|0|0|1|0|0|0|0|0|0|0|0|0|0|0
3910|Dancer in the Dark|0|0|0|0|0|0|1|0|0|0|0|0|0|0|1|0|0|0
3914|Broken Hearts Club, The|0|0|0|0|0|0|1|0|0|0|0|0|0|0|0|0|0|0
3916|Remember the Titans|0|0|0|0|0|0|1|0|0|0|0|0|0|0|0|0|0|0
3919|Hellraiser III: Hell on Earth|0|0|0|0|0|0|0|0|0|0|1|0|0|0|0|0|0|0
3926|Voyage to the Bottom of the Sea|0|0|0|1|0|0|0|0|0|0|0|1|0|0|0|0|0|0
3927|Fantastic Voyage|0|0|0|1|0|0|0|0|0|0|0|1|0|0|0|0|0|0
3930|Creature From the Black Lagoon, The|0|0|0|0|0|0|0|0|0|0|1|0|0|0|0|0|0|0
3932|Invisible Man, The|0|0|0|0|0|0|0|0|0|0|1|1|0|0|0|0|0|0
3933|Killer Shrews, The|0|0|0|0|0|0|0|0|0|0|1|1|0|0|0|0|0|0
3936|Phantom of the Opera, The|0|0|0|0|0|0|1|0|0|1|0|0|0|0|0|0|0|0
3940|Slumber Party Massacre III, The|0|0|0|0|0|0|0|0|0|0|1|0|0|0|0|0|0|0
3946|Get Carter|0|0|0|0|0|0|1|1|0|1|0|0|0|0|0|0|0|0
3947|Get Carter|0|0|0|0|0|0|0|0|0|1|0|0|0|0|0|0|0|0
3949|Requiem for a Dream|0|0|0|0|0|0|1|0|0|0|0|0|0|0|0|0|0|0
